"item_id	item_name	category	department"
"196	5	nos	other"
"747	10	nos	other"
"1836	Duschen	facilities	non_food"
"2092	Cocktails	spirit	drinks"
"2102	Shots	spirit	drinks"
"2288	Cafe Latte	nos	other"
"4089	Cappuccino	hot_drinks	drinks"
"4420	Espresso Doppio	hot_drinks	drinks"
"4462	Americano	hot_drinks	drinks"
"4684	Limo	soft_drink	drinks"
"5541	Espresso	drinks_nos	drinks"
"5685	Iced Drinks 0"
"5686	Nitro Cold Brew 0"
"5687	Cold Brew 0"
"5704	Knobi Brot Pur	food_nos	food"
"5705	Knobi Kaese	food_nos	food"
"5706	Knobi Salami	food_nos	food"
"5707	Knobi Tomate Rucola	food_nos	food"
"5708	Knobi Thunfisch	food_nos	food"
"5822	Eiskaffee 0"
"5824	Eiskaffee 0"
"5874	Wrigleys Spearmint	food_nos	food"
"5875	Feuerzeug	non_food_nos	non_food"
"5939	Kakao 0"
"6004	T-Shirt	non_food_nos	non_food"
"6039	Dessert Muesli Salat 0"
"6054	1	nos	other"
"6057	5	nos	other"
"6058	10	nos	other"
"6064	1	nos	other"
"6102	Jaegermeister Cola	drinks_nos	drinks"
"6120	Original Blue	tobacco	non_food"
"6121	Original Green	tobacco	non_food"
"6122	Original Yellow	tobacco	non_food"
"6123	Original Orange	tobacco	non_food"
"6124	Original  Blue Pouch	tobacco	non_food"
"6125	Orginal Yellow Pouch	tobacco	non_food"
"6126	Master Blend Gold Pouch	tobacco	non_food"
"6127	Camel Yellow L	tobacco	non_food"
"6128	Camel Yellow XXXXL	tobacco	non_food"
"6129	Camel Blue L	tobacco	non_food"
"6130	Camel Blue XXXXL	tobacco	non_food"
"6131	Camel Essential Filters	tobacco	non_food"
"6132	Camel Essentiela Blue	tobacco	non_food"
"6453	Strawberry & Friends	drinks_nos	drinks"
"6454	Maracujacaipi	drinks_nos	drinks"
"6490	Ipanema	drinks_nos	drinks"
"6569	Killnoise Plug	festival	non_food"
"6571	Killnoise Regenponcho	festival	non_food"
"6573	WC	facilities	non_food"
"6574	Service Flat	facilities	non_food"
"6575	Sani Flat	facilities	non_food"
"6576	Shuttle Flat	facilities	non_food"
"6577	Service Flat	festival	non_food"
"6578	Sani Flat	festival	non_food"
"6579	Shuttle Flat	festival	non_food"
"6581	Hotel Shuttle Flat	festival	non_food"
"6582	Hotel Shuttle 1x Fahrt	festival	non_food"
"6583	Drink	spirit	drinks"
"6584	Souvenir 1	merchandising	non_food"
"6587	Flatrate Goldeimer	facilities	non_food"
"6588	Einzelschiss	facilities	non_food"
"6589	Samstag Flat	facilities	non_food"
"6590	Sonntag Flat	facilities	non_food"
"6591	Muellpfand	camping	non_food"
"6592	Melt Goodie	merchandising	non_food"
"6593	Miete Powerstation	camping	non_food"
"6594	Miete Powerst u Kuehlbox	camping	non_food"
"6595	Miete Kuehlbox	camping	non_food"
"6596	Postkarte	nos	other"
"6597	Compact Hammock	camping	non_food"
"6599	Orig-Double Hammock	camping	non_food"
"6600	King Size Hammock	camping	non_food"
"6604	Nautical Ropes	camping	non_food"
"6605	Moon Straps	camping	non_food"
"6619	Orig-Double Hammock 20	camping	non_food"
"6620	King Size Hammock 20	camping	non_food"
"6624	Nautical Ropes 20	camping	non_food"
"6625	Moon Straps 20	camping	non_food"
"6628	Convertible Bug Net 360	camping	non_food"
"6642	Eco-friendly bags	camping	non_food"
"6644	Mini Backpack 20	camping	non_food"
"6648	sun screen 30 big	camping	non_food"
"6649	sun screen 50 small	camping	non_food"
"6650	Toothbrase	camping	non_food"
"6651	Toothbast	camping	non_food"
"6652	Sun screen 30 small	camping	non_food"
"6653	After sun small	camping	non_food"
"6654	tampons	camping	non_food"
"6655	Labelo	camping	non_food"
"6656	sun screen 50 big	camping	non_food"
"6657	Tampons	camping	non_food"
"6658	Pads	camping	non_food"
"6659	Hand cream	camping	non_food"
"6660	After sun big	camping	non_food"
"6661	Shampoo + Soap	camping	non_food"
"6662	Deodorant M-F Small	camping	non_food"
"6663	Deodorant M-F Big	camping	non_food"
"6664	Toilet paper	camping	non_food"
"6665	Hand disinfection small	camping	non_food"
"6666	Hand disinfection Big	camping	non_food"
"6667	Mosquito repellent small	camping	non_food"
"6668	Mosquito repellent Big	camping	non_food"
"6669	Mouth wash	camping	non_food"
"6670	Condoms	camping	non_food"
"6671	fans	camping	non_food"
"6672	earplgs	camping	non_food"
"6673	patches to fix tents	camping	non_food"
"6674	AA + AAA Battery	camping	non_food"
"6675	M+L+9V Battery	camping	non_food"
"6676	Ear plugs	camping	non_food"
"6677	Tent pegs	camping	non_food"
"6678	Fans	camping	non_food"
"6679	Super glue	camping	non_food"
"6680	Repair patch	camping	non_food"
"6681	Check equipment	camping	non_food"
"6682	repair equipment	camping	non_food"
"6683	Flashlight	camping	non_food"
"6684	Rain coat	camping	non_food"
"6685	gas ballons long	camping	non_food"
"6686	gas ballon pick	camping	non_food"
"6687	gas ballon easy click	camping	non_food"
"6688	gas ballon scrow Red s	camping	non_food"
"6690	gas ballon scrow green	camping	non_food"
"6691	gas ballon scrow Black	camping	non_food"
"6692	Bon Bon	snack	food"
"6693	Snack Bars	snack	food"
"6694	Crisps	snack	food"
"6695	Chewing gum	snack	food"
"6696	Gummy bars	snack	food"
"6697	Cafe Bags	camping	non_food"
"6698	Tent for 1	camping	non_food"
"6699	Tent for 1 refund	camping	non_food"
"6700	Tent for 2	camping	non_food"
"6701	Tent for 2 refund	camping	non_food"
"6702	Tent for 3	camping	non_food"
"6703	Tent for 3 refund	camping	non_food"
"6704	Tent for 4	camping	non_food"
"6705	Tent for 4 refund	camping	non_food"
"6706	Sleeping bag	camping	non_food"
"6707	Sleeping bag refund	camping	non_food"
"6708	Camping mattress	camping	non_food"
"6709	Camping mattress refund	camping	non_food"
"6710	gas cooker to rent	camping	non_food"
"6711	gas cooker rent refund	camping	non_food"
"6712	Camping chair	camping	non_food"
"6713	Camping chair refund	camping	non_food"
"6714	Blanket	camping	non_food"
"6715	Blanket refund	camping	non_food"
"6716	Head lamp	camping	non_food"
"6717	Head lamp refund	camping	non_food"
"6718	Tarp	camping	non_food"
"6719	Tarp refund	camping	non_food"
"6720	Towle	camping	non_food"
"6721	Towle refund	camping	non_food"
"6722	LED lamp	camping	non_food"
"6723	LED lamp refund	camping	non_food"
"6724	donation	camping	non_food"
"6725	Workshop 2 Std.	nos	other"
"6727	Phone Case TPU	nos	other"
"6729	Tabbakbeutel	nos	other"
"6730	Kreisel	nos	other"
"6732	Kettenanhänger	nos	other"
"6734	Ring	nos	other"
"6735	Rund Schluesselanh	nos	other"
"6736	Surf Schluesselanh	nos	other"
"6737	Anker Schluesselanh	nos	other"
"6740	Sweater	nos	other"
"6741	Cap	nos	other"
"6742	Spende	nos	other"
"6745	R Ring	nos	other"
"6746	R Rund Schluesselanh	nos	other"
"6759	Schliessfach small 1 Tag	camping	non_food"
"6760	Schliessfach volt 1 Tag	camping	non_food"
"6761	Schliessfach large 1 Tag	camping	non_food"
"6762	Schluesselpfand	camping	non_food"
"6763	Small 1 Tag zurueck	camping	non_food"
"6764	Volt 1 Tag zurueck	camping	non_food"
"6765	Large 1 Tag zurueck	camping	non_food"
"6766	Schluesselpfand zurueck	camping	non_food"
"6767	Fruechte	snack	food"
"6768	Erdbeeren	snack	food"
"6769	Apfel	snack	food"
"6770	100g Nuesse	snack	food"
"6771	200g Nuesse	snack	food"
"6772	Zuckerwatte	snack	food"
"6773	Balla	snack	food"
"6774	Haribo	snack	food"
"6775	Lutscher	snack	food"
"6776	Herz klein	snack	food"
"6777	Herz gross	snack	food"
"6778	Suesses	snack	food"
"6779	Margherita halb	fast_food	food"
"6780	Margherita ganz	fast_food	food"
"6781	Salami halb	fast_food	food"
"6782	Salami ganz	fast_food	food"
"6783	Prosciutto halb	fast_food	food"
"6784	Prosciutto ganz	fast_food	food"
"6785	Parma halb	fast_food	food"
"6786	Parma ganz	fast_food	food"
"6787	Calzone	fast_food	food"
"6788	Spinaci halb	fast_food	food"
"6789	Spinaci ganz	fast_food	food"
"6790	Nudeln Mit Gemuese	slow_food	food"
"6791	Nudeln mit Huhn	slow_food	food"
"6792	Thai Curry	slow_food	food"
"6793	Nudeln-Reis m. geb. Huhn	slow_food	food"
"6794	Gebackene Ente	slow_food	food"
"6795	Garnelen im Teigmantel	slow_food	food"
"6796	Chicken Nuggets	slow_food	food"
"6797	Fruehlingsrolle	slow_food	food"
"6798	Gluecks Keks	slow_food	food"
"6799	Mix Box	slow_food	food"
"6800	Kaese Schinken	fast_food	food"
"6801	Kaese Champignon	fast_food	food"
"6803	1 Euro	snack	food"
"6804	2 Euro	snack	food"
"6805	3 Euro	snack	food"
"6806	4 Euro	snack	food"
"6807	5 Euro	snack	food"
"6808	ZuZi	sweets	food"
"6809	Butter-Zucker-Zitrone	sweets	food"
"6810	Nutella-Apfelmus	sweets	food"
"6811	KiScho-RoBuMa	sweets	food"
"6812	Konfituere-Caramel	sweets	food"
"6813	Banane-Nutella-Apfelmus	sweets	food"
"6814	Banane-Caramel-KiScho	sweets	food"
"6815	Erdbeeren-weisse Schoki	sweets	food"
"6816	Banane-Nutella und EL	sweets	food"
"6817	Kaese	sweets	food"
"6818	Kaese und Zwiebel	sweets	food"
"6819	Kaese und Schinken	sweets	food"
"6820	Extra 1	sweets	food"
"6821	Extra 2	sweets	food"
"6822	Falafel Pita	fast_food	food"
"6823	Halloumi Pita	fast_food	food"
"6824	Topping	fast_food	food"
"6825	Salatbecher	fast_food	food"
"6826	Falafel Bowl	fast_food	food"
"6827	Halloumi Bowl	fast_food	food"
"6828	Pork Sandwich	fast_food	food"
"6829	Beef Sandwich	fast_food	food"
"6830	Pork Teller	fast_food	food"
"6831	Beef Teller	fast_food	food"
"6832	corn dog klein	fast_food	food"
"6833	corn dog gross	fast_food	food"
"6834	ein euro	fast_food	food"
"6835	zwei euro	fast_food	food"
"6836	fuenfzig cent	fast_food	food"
"6837	Fish & Chips SINGLE	fast_food	food"
"6838	Fish & Chips MENU	fast_food	food"
"6839	Chips Single	fast_food	food"
"6840	Fish & Chips FRIENDS	fast_food	food"
"6841	Matjes mit Drillingen	fast_food	food"
"6842	Extra 0"
"6843	Extra 1"
"6844	Extra 2"
"6845	Curry Fries Meat SINGLE	fast_food	food"
"6846	Curry Fries Vegan SINGLE	fast_food	food"
"6847	Fries single	fast_food	food"
"6848	Sweet Fries Single	fast_food	food"
"6849	Cheesy Fries Meat	fast_food	food"
"6850	Cheesy Fries Vegan	fast_food	food"
"6851	Chicken Wings	fast_food	food"
"6852	Espresso	hot_drinks	drinks"
"6853	Espresso Doppio	hot_drinks	drinks"
"6854	Filterkaffee 0"
"6855	Filterkaffee 0"
"6856	Flat White	hot_drinks	drinks"
"6857	Cappuccino 0"
"6858	Espresso SHOT	hot_drinks	drinks"
"6859	Latte-MK 0"
"6860	Hot Chocolate 0"
"6861	Tee 0"
"6862	Chai 0"
"6863	Ingwer Mint Tea 0"
"6864	Osaft 0"
"6865	Osaft 0"
"6866	Cookie	snack	food"
"6867	Muffin-Brownie	snack	food"
"6868	Kuchen	snack	food"
"6869	Marmorkuchen	snack	food"
"6870	Extra 0"
"6871	Extra 1"
"6872	Extra 2"
"6873	Florida Eisbecher	ice_cream	food"
"6874	Cheeseb. Meat	fast_food	food"
"6875	Cheeseb. Meat MENU	fast_food	food"
"6876	Cheeseb. Meat FRIENDS	fast_food	food"
"6877	Cheeseb. VEGAN	fast_food	food"
"6878	Cheeseb. Vegan MENU	fast_food	food"
"6879	Pommes single	fast_food	food"
"6881	Supreme Cheeseb.	fast_food	food"
"6882	Supreme MENU	fast_food	food"
"6883	Supreme FRIENDS	fast_food	food"
"6885	Maultaschen	fast_food	food"
"6886	halbe Portion Mault.	fast_food	food"
"6887	Burrito-Vegetal	fast_food	food"
"6888	Burrito-Con Carne	fast_food	food"
"6889	Burrito-Pollo	fast_food	food"
"6890	Tomatensosse	slow_food	food"
"6891	Kaesesosse	slow_food	food"
"6892	Pesto	slow_food	food"
"6893	extra Parmesan	slow_food	food"
"6894	Puderzucker	fast_food	food"
"6895	Zimt u. Zucker	fast_food	food"
"6896	Apfelmus	fast_food	food"
"6897	Sosse	fast_food	food"
"6898	Nutella	fast_food	food"
"6899	Cookie Dough	fast_food	food"
"6900	Oreo	fast_food	food"
"6901	extra Sosse	fast_food	food"
"6903	Speck	fast_food	food"
"6904	Classic	fast_food	food"
"6905	Speck double	fast_food	food"
"6906	Classic double	fast_food	food"
"6907	Friends Price	fast_food	food"
"6908	Bratwurst	fast_food	food"
"6909	Kaesekrakauer	fast_food	food"
"6910	Krakauer	fast_food	food"
"6911	Frikadelle	fast_food	food"
"6912	Steak	fast_food	food"
"6913	Pommes	fast_food	food"
"6914	Curry Wurst	fast_food	food"
"6916	Pommes 1	fast_food	food"
"6917	Pommes 2	fast_food	food"
"6918	Nice Fries 1	fast_food	food"
"6919	Nice Fries 2	fast_food	food"
"6920	Langos 1	fast_food	food"
"6921	Langos 2	fast_food	food"
"6922	Langos 3	fast_food	food"
"6923	Langos 4	fast_food	food"
"6924	Langos 5	fast_food	food"
"6925	Langos 7	fast_food	food"
"6926	Langos 8	fast_food	food"
"6927	Langos 9	fast_food	food"
"6928	Wildschweinburger	fast_food	food"
"6929	Extra Pattie	fast_food	food"
"6930	Extra Kaese	fast_food	food"
"6931	Doener Salat+Fleisch	fast_food	food"
"6932	Lahmacun Salat	fast_food	food"
"6933	Lahmacun Salat+Fleisch	fast_food	food"
"6934	Dueruem vegetarisch	fast_food	food"
"6935	Dueruem Salat+Fleisch	fast_food	food"
"6936	Salattasche vegetarisch	fast_food	food"
"6938	Koettbullar Mittel	snack	food"
"6939	Koettbullar Gross	snack	food"
"6940	Koettbullar Mega	snack	food"
"6942	Vegibullar Mittel	snack	food"
"6943	Vegibullar Gross	snack	food"
"6944	Vegibullar Mega	snack	food"
"6945	Food Divers	snack	food"
"6946	Food Divers 1	snack	food"
"6947	Food Divers 2	snack	food"
"6948	Food Divers 3	snack	food"
"6949	Food Divers 4	snack	food"
"6950	Food Divers 5	snack	food"
"6951	Salsiccia Burger	snack	food"
"6952	Marinated Chicken	snack	food"
"6953	Veggie parmigiani	snack	food"
"6954	Vegan	snack	food"
"6955	Extra	snack	food"
"6956	Classy Burger	fast_food	food"
"6957	BBQ Burger	fast_food	food"
"6958	Cheezy Burger	fast_food	food"
"6959	Curryvurst vegan	fast_food	food"
"6960	Jalapenos Extra	fast_food	food"
"6961	Baerlauch Pesto Extra	fast_food	food"
"6962	Grilled Onions Extra	fast_food	food"
"6963	Meat Pattie Extra	fast_food	food"
"6964	Broetchen Extra	fast_food	food"
"6966	Suesskartoffelp. + Sauce	fast_food	food"
"6967	Allg Kaesspatzen	fast_food	food"
"6968	Allg Kaesspatzen kl.	fast_food	food"
"6969	Allg Kaessatzen split	fast_food	food"
"6970	Kugel Cookie Dough	sweets	food"
"6971	Topping	sweets	food"
"6972	Bosna	slow_food	food"
"6973	Suedtir. Spinatknoedel	slow_food	food"
"6975	Chili sin Carne vegan	slow_food	food"
"6977	Mango	snack	food"
"6978	Himbeer	snack	food"
"6979	Erdbeer	snack	food"
"6980	Zitrone	snack	food"
"6981	Mandarine	snack	food"
"6982	Kokos	snack	food"
"6984	Schokolade	snack	food"
"6985	weisse Schokolade	snack	food"
"6986	Pistazie	snack	food"
"6987	Nougat	snack	food"
"6989	Topping Schokolade-Nuss	snack	food"
"6990	Schneeeis	ice_cream	food"
"6991	Schneeeis Gross	ice_cream	food"
"6993	Oliven"
"6994	Paprika"
"6996	1 Euro	fast_food	food"
"6997	2 Euro	fast_food	food"
"6998	3 Euro	fast_food	food"
"6999	4 Euro	fast_food	food"
"7000	5 Euro	fast_food	food"
"7001	Kaffee 0"
"7002	Kaffee 0"
"7003	Kaiserbroetchen	snack	food"
"7004	Steinofenbaguette	snack	food"
"7005	Laugenbrezel	snack	food"
"7006	Schoko Croissant	snack	food"
"7007	Kaese-Schinken-Croissant	snack	food"
"7008	Plunder Mohnschnecke	snack	food"
"7009	Boereckstange Weisskaese	snack	food"
"7010	Boereckstange Hackfl.	snack	food"
"7011	Broetchen mit Salami	snack	food"
"7016	Muffin div. Sorten	snack	food"
"7017	Joghurt F-pueree Muesli	snack	food"
"7018	Obstsalat	snack	food"
"7022	Kakao 0"
"7023	Toilettenpapier 2er Pack	camping	non_food"
"7025	Zahnpasta	camping	non_food"
"7026	Dusch & Shampoo Men	camping	non_food"
"7027	Cremedusche Woman	camping	non_food"
"7028	Kondome 8er	camping	non_food"
"7029	Tampons 32er	camping	non_food"
"7030	Binden 38er	camping	non_food"
"7031	Deospray Men	camping	non_food"
"7032	Deospray Woman	camping	non_food"
"7033	Haende Desinfektionsgel	camping	non_food"
"7040	Banane	snack	food"
"7043	Eiswuerfel	snack	food"
"7044	Chips	snack	food"
"7045	Kekse	snack	food"
"7051	Kaffee + Schoko Muff	snack	food"
"7052	Kaffee + Apfel Muffin	snack	food"
"7053	Kaffee + Blaubeer Muffin	snack	food"
"7054	Kaffee + Schokocroissant	snack	food"
"7055	Tee + Schoko Muffin	snack	food"
"7056	Tee + Apfel Muffin	snack	food"
"7057	Tee + Blaubeer Muffin	snack	food"
"7058	Tee + Schokocroissant	snack	food"
"7059	Kakao + Schoko Muffin	snack	food"
"7060	Kakao + Apfel Muffin	snack	food"
"7061	Kakao + Blaubeer Muffin	snack	food"
"7062	Kakao + Schokocroissant	snack	food"
"7063	Kaeseseb. & Salamib.	snack	food"
"7064	Salamib. & Salamib	snack	food"
"7065	2 Kaesesbroetchen	snack	food"
"7066	2 Laugenb.Kaese-Salami	snack	food"
"7067	2 Laugenb. mit Salami	snack	food"
"7068	2 Laugenb. mit Kaese	snack	food"
"7069	Kaesesemmel	snack	food"
"7070	Salamisemmel	snack	food"
"7071	Laugenb. mit Kaese	snack	food"
"7072	Laugenb. mit Salami	snack	food"
"7073	4er Tuete Broetchen	snack	food"
"7074	1/2 Baguette Frikadelle	snack	food"
"7075	Sennerfladen ToMo	snack	food"
"7076	Sennerfladen Haehnchen	snack	food"
"7077	Joghurt Muesli & Mango	snack	food"
"7078	Joghurt Muesli & Erdb.	snack	food"
"7079	Ruehrei Speck Broetchen	snack	food"
"7080	Ruehrei Broetchen	snack	food"
"7081	Muffin Schoko	snack	food"
"7082	Muffin Apple	snack	food"
"7083	Muffin Blueberry	snack	food"
"7084	Schokocroissant	snack	food"
"7085	Schokobroetchen	snack	food"
"7086	Rosinenbroetchen	snack	food"
"7087	Milchbroetchen	snack	food"
"7088	Kaffee 0"
"7089	Tee 0"
"7090	Kakao heiss 0"
"7091	Orangensaft 0"
"7092	Apfelsaft 0"
"7093	Secu Kaffee	hot_drinks	drinks"
"7098	Leberkaesesemmel	snack	food"
"7099	Espresso einfach	hot_drinks	drinks"
"7100	Espresso doppelt	hot_drinks	drinks"
"7101	Espresso macchiato	hot_drinks	drinks"
"7102	Cappuccino	hot_drinks	drinks"
"7103	Latte Macchiato	hot_drinks	drinks"
"7104	Caramel Macchiato	hot_drinks	drinks"
"7105	Shot Sirup-Flavour	sweets	food"
"7106	Zitronenkuchen	snack	food"
"7108	Stuhl	camping	non_food"
"7109	Hocker	camping	non_food"
"7110	Schlafsack	camping	non_food"
"7111	Pavillon	camping	non_food"
"7112	2er Zelt	camping	non_food"
"7113	4er Zelt	camping	non_food"
"7114	Luftbett	camping	non_food"
"7115	Isomatte	camping	non_food"
"7116	0.50 Euro	camping	non_food"
"7117	1 Euro	camping	non_food"
"7118	2 Euro	camping	non_food"
"7119	5 Euro	camping	non_food"
"7120	10 Euro	camping	non_food"
"7121	Criss Cuts	fast_food	food"
"7122	Wedges	fast_food	food"
"7123	Onions Ringe	fast_food	food"
"7124	Chicken Nuggets	fast_food	food"
"7125	Chilli Cheese Nuggets	fast_food	food"
"7126	Mozzarelles Sticks	fast_food	food"
"7128	Sweet Potatos fries	fast_food	food"
"7129	Mix Box	fast_food	food"
"7130	Knoblauch Souce	fast_food	food"
"7131	Classic Burger	fast_food	food"
"7132	Halloumi Burger	fast_food	food"
"7133	Vegan Burger	fast_food	food"
"7134	Toppings	fast_food	food"
"7135	Classic Burger Menu	fast_food	food"
"7136	Nudeln Gemuese	fast_food	food"
"7137	Nudeln-Reis Huhn	fast_food	food"
"7138	Thai Curry	fast_food	food"
"7139	Nudeln-Reis geb. Huhn	fast_food	food"
"7140	Gebackene Ente	fast_food	food"
"7141	Garnelen im Teigmantel	fast_food	food"
"7142	Fruehlingsrolle	fast_food	food"
"7143	Gluecks Keks	fast_food	food"
"7144	Pizza Margherita	fast_food	food"
"7145	Pizza Salami	fast_food	food"
"7146	Pizza Schinken	fast_food	food"
"7147	Pizza Thunfisch	fast_food	food"
"7148	Pizza Mario	fast_food	food"
"7150	Pizza Calzone	fast_food	food"
"7151	Fischbroetchen	fast_food	food"
"7152	Backfisch	fast_food	food"
"7153	Backfisch m. Salat	fast_food	food"
"7154	Calamares	fast_food	food"
"7155	Portion Kartoffelsalat	fast_food	food"
"7156	Broetchen	fast_food	food"
"7157	Extras	fast_food	food"
"7158	Burrito - Vegetal	fast_food	food"
"7159	Burrito - Con Carne	fast_food	food"
"7160	Burrito - Pollo	fast_food	food"
"7161	Veggie	fast_food	food"
"7162	Friends Price	fast_food	food"
"7164	Puderzucker	sweets	food"
"7165	Zimt u Zucker	sweets	food"
"7166	Apfelmus	sweets	food"
"7167	Sosse	sweets	food"
"7168	Nutella	sweets	food"
"7169	Cookie Dough	sweets	food"
"7171	extra Sosse	sweets	food"
"7172	extra Nutella	sweets	food"
"7173	Extra	ice_cream	food"
"7174	Falafel Menue 1	fast_food	food"
"7175	Falafel Menue 2	fast_food	food"
"7176	Falafel Menue 3	fast_food	food"
"7177	Falafel halbe Portion	fast_food	food"
"7178	Green Classic 0"
"7179	Green Classic 0"
"7180	Purple Smoothie 0"
"7181	Purple Smoothie 0"
"7182	Maca Smoothie 0"
"7183	Maca Smoothie 0"
"7184	Gurke Ingwer Smash 0"
"7185	Gurken Ingwer Smash 0"
"7186	Erdbeer Melone Smash 0"
"7187	Erdbeer Melone Smash 0"
"7188	Erdbeer Chia 0"
"7189	Erdbeer Chia 0"
"7190	Heidelbeer Chia 0"
"7191	Heidelbeer Chia 0"
"7193	Frozen Heidelbeer	drinks_nos	drinks"
"7194	Deposit	deposit	non_food"
"7195	Slushie 0"
"7196	Slushie 0"
"7197	Ingwer Shot	drinks_nos	drinks"
"7198	Daiquirie Sauerk. 0"
"7199	Early Russian 0"
"7200	Red Summer Kick 0"
"7201	Ingwer Shot Spezial	drinks_nos	drinks"
"7202	Hugo	drinks_nos	drinks"
"7203	Frucht Bowl	drinks_nos	drinks"
"7204	Schoko Bowl	drinks_nos	drinks"
"7205	Green Bowl	drinks_nos	drinks"
"7206	Banane-Nutella & Eierl.	sweets	food"
"7207	Kaese	snack	food"
"7208	Kaese u. Zwiebel	snack	food"
"7209	Kaese u. Schinken	snack	food"
"7210	Extra 1	snack	food"
"7211	Extra 2	snack	food"
"7212	Chicken Sandwich	fast_food	food"
"7213	Avocado Sandwich	fast_food	food"
"7216	ein euro	fast_food	food"
"7218	fuenfzig cent	fast_food	food"
"7219	Schokolade	sweets	food"
"7220	weisse Schokolade	sweets	food"
"7221	Pistazie	sweets	food"
"7222	Nougat	sweets	food"
"7224	Topping Schokolade-Nuss	sweets	food"
"7225	Holsten Pils Dose	beer	drinks"
"7226	Holsten Pils Dose 24x	beer	drinks"
"7227	Stone Enter Night Pilsn	beer	drinks"
"7228	Desperados Dose	beer	drinks"
"7229	Coca-Cola	soft_drink	drinks"
"7230	Coca-Cola Zero	soft_drink	drinks"
"7231	Lift Apfelschorle	soft_drink	drinks"
"7232	Vio Bio Limo Gurke Lim	soft_drink	drinks"
"7233	Vio Still	soft_drink	drinks"
"7234	Red Bull	energy_drink	drinks"
"7235	Muffin	snack	food"
"7236	Brezn	snack	food"
"7237	Extra 0"
"7238	Extra 1"
"7239	Extra 2"
"7240	Gebaeck	snack	food"
"7241	Egg Plate single	snack	food"
"7242	Ei Broetchen	snack	food"
"7243	Gemini	snack	food"
"7244	Moskito	snack	food"
"7245	Big Wheel	snack	food"
"7246	Medusa	snack	food"
"7247	Full service	camping	non_food"
"7248	Deposit	camping	non_food"
"7249	Single Boost	camping	non_food"
"7251	Extra Cabel	camping	non_food"
"7252	Deposit Refund	camping	non_food"
"7253	Spende 1 Eur	nos	other"
"7254	Spende 2 Eur	nos	other"
"7255	Spende 5 Eur	nos	other"
"7256	Spende 10 Eur	nos	other"
"7257	Spende 0"
"7261	Spende 1	nos	other"
"7262	Spende 2	nos	other"
"7263	Spende 3	nos	other"
"7265	Spende 5	nos	other"
"7266	Spende 1Eur	nos	other"
"7267	Spende 2Eur	nos	other"
"7268	Spende 5Eur	nos	other"
"7269	Spende 10Eur	nos	other"
"7271	Spende von 2Eur	nos	other"
"7272	Spende von 5Eur	nos	other"
"7273	Spende von 10Eur	nos	other"
"7274	T-Shirt	nos	other"
"7275	Hip Bag	nos	other"
"7278	Socken	nos	other"
"7279	Festival Baendchen	nos	other"
"7280	Button	nos	other"
"7281	Spende 10	nos	other"
"7286	MELT Bier	tap_beer	drinks"
"7287	Biertraeger	tap_beer	drinks"
"7288	Jever Fun Alk Frei	beer	drinks"
"7289	Radler	beer	drinks"
"7290	Deperados Original	beer	drinks"
"7291	Deperados Red	beer	drinks"
"7292	Deperados Green	beer	drinks"
"7293	Desperados PROMO	beer	drinks"
"7294	Sekt	wine	drinks"
"7295	Weisswein	wine	drinks"
"7296	Rotwein	wine	drinks"
"7297	Vio Bio Limo Orange	soft_drink	drinks"
"7298	Vio Medium	soft_drink	drinks"
"7299	Vio Still	soft_drink	drinks"
"7300	Red Bull Summer Edition	energy_drink	drinks"
"7301	Red Bull Yellow Edition	energy_drink	drinks"
"7302	Jaegermeister Shot	spirit	drinks"
"7303	Whiskey Bulleit	spirit	drinks"
"7304	Berliner Luft Pfeffi	spirit	drinks"
"7305	Smirnoff Red Vodka	spirit	drinks"
"7306	Vodka Cola	spirit	drinks"
"7307	Gin Tonic	spirit	drinks"
"7308	Rum Cola	spirit	drinks"
"7309	Vodka Red Bull	spirit	drinks"
"7310	Whiskey Cola	spirit	drinks"
"7311	Jaegermeister Red Bull	spirit	drinks"
"7312	Jaegermeister Maracuja	spirit	drinks"
"7313	Summer´s Tale	spirit	drinks"
"7314	Hello Yellow	spirit	drinks"
"7315	Vio Medium	soft_drink	drinks"
"7316	MELT Bier	beer	drinks"
"7317	Somersby Cider	beer	drinks"
"7318	Stone Enter Night Dose	beer	drinks"
"7319	Deperados Dose	beer	drinks"
"7320	Red Bull Camping	energy_drink	drinks"
"7321	Stone Enter Night Pils	beer	drinks"
"7322	Stone Ripper Pale Ale	beer	drinks"
"7323	BRLO German IPA	beer	drinks"
"7324	BRLO Helles	beer	drinks"
"7325	Coca Cola	soft_drink	drinks"
"7326	Coca Cola Zero	soft_drink	drinks"
"7327	Ice Cubes 2KG	drinks_nos	drinks"
"7328	Ice cubes 5KG	drinks_nos	drinks"
"7329	Vodka Cola	spirit	drinks"
"7330	Rum Cola	spirit	drinks"
"7331	Whiskey Cola	spirit	drinks"
"7332	Gin Tonic	spirit	drinks"
"7333	Deposit	nos	other"
"7334	Koawach	food_nos	food"
"7336	Wine Slushie 0"
"7337	Jaegermeister Shot	spirit	drinks"
"7338	Berliner Luft	spirit	drinks"
"7339	Extra 0"
"7340	Bag	merchandising	non_food"
"7341	Sonnenbrille/Pops/Bag	nos	other"
"7343	T-Shirt/Cap	merchandising	non_food"
"7344	T-Shirt all over	merchandising	non_food"
"7345	Longsleeve	merchandising	non_food"
"7347	Hoodie	merchandising	non_food"
"7353	Espresso/Tee	hot_drinks	drinks"
"7354	Americano/Espresso Mach	hot_drinks	drinks"
"7355	Americano L / Doppio	hot_drinks	drinks"
"7356	Americano XL	hot_drinks	drinks"
"7357	Non Coffee	hot_drinks	drinks"
"7358	Cappuccino M	hot_drinks	drinks"
"7359	Cappuccino L	hot_drinks	drinks"
"7360	Cappuccino XL	hot_drinks	drinks"
"7361	Milchkaffee/Latte L/Specials M	hot_drinks	drinks"
"7362	Milchkaffee/Latte XL	nos	other"
"7363	Extra shot/extra milch	hot_drinks	drinks"
"7364	Specials L	hot_drinks	drinks"
"7365	Specials XL	hot_drinks	drinks"
"7366	Vodka Red Bull Summer	spirit	drinks"
"7367	Vodka Red Bull Yellow	spirit	drinks"
"7368	Summers Tale	spirit	drinks"
"7369	MELT GLAMOUR	spirit	drinks"
"7370	Think Pink	spirit	drinks"
"7371	Adios Amigo	spirit	drinks"
"7372	Caipirinha	spirit	drinks"
"7373	Mojito	spirit	drinks"
"7374	Moscow Mule	spirit	drinks"
"7375	Cuba Libre	spirit	drinks"
"7376	Tequila Sunrise	spirit	drinks"
"7377	Sex on the Beach	spirit	drinks"
"7378	Touch Down	spirit	drinks"
"7379	Bahama Mama	spirit	drinks"
"7380	Erdbeer-Caipi	spirit	drinks"
"7381	Vodka Lemon	spirit	drinks"
"7382	Jaegermeister	spirit	drinks"
"7383	Tequila Gold	spirit	drinks"
"7384	Tequila Silver	spirit	drinks"
"7385	Long Island Ice Tea 1"
"7386	Adios Amigo 1"
"7387	Caipirinha1"
"7388	Mojito 1"
"7389	Moscow Mule 1"
"7390	Cuba Libre 1"
"7391	Tequila Sunrise 1"
"7392	Sex on the Beach 1"
"7393	Touch Down 1"
"7394	Bahama Mama 1"
"7395	Erdbeer-Caipi 1"
"7397	Rum Cola 1"
"7398	Gin Tonic 1"
"7399	Vodka Cola 1"
"7400	Vodka Lemon 1"
"7401	Vodka Red Bull 1"
"7402	Vodka Red Bull Summer 1l	spirit	drinks"
"7404	Jaegerm Red Bull 1"
"7405	Caipiroska	spirit	drinks"
"7406	Caipi Frutas	spirit	drinks"
"7407	Pina Colada	spirit	drinks"
"7408	White Russian	spirit	drinks"
"7409	Long Island Ice Tea	spirit	drinks"
"7410	Blue Lagoon	spirit	drinks"
"7411	Whiskey Ginger Ale	spirit	drinks"
"7412	Caipirinha 1"
"7414	Melt Bier	tap_beer	drinks"
"7415	Vodka Ketel One	spirit	drinks"
"7416	Vodka Smirnoff Black	spirit	drinks"
"7417	Dutch Mule	spirit	drinks"
"7418	Ketel Soda	spirit	drinks"
"7419	London Buck	spirit	drinks"
"7420	London Snicket	spirit	drinks"
"7421	Pimms No. 1	spirit	drinks"
"7422	Tanqueray Sevilla	spirit	drinks"
"7423	Tanqueray 10	spirit	drinks"
"7424	The Green Bere	spirit	drinks"
"7425	Redemption	spirit	drinks"
"7426	Tanqueray No 10	spirit	drinks"
"7427	Tanqueray Sevilla	spirit	drinks"
"7428	Desperados Original	beer	drinks"
"7429	Shots Diverse	spirit	drinks"
"7432	Jever Fun Alk Frei	beer	drinks"
"7435	Sekt Red Bull	spirit	drinks"
"7436	Vodka Tonic	spirit	drinks"
"7437	Whiskey Ginger	spirit	drinks"
"7438	Moscow Mule	spirit	drinks"
"7439	Kaffee	hot_drinks	drinks"
"7440	Latte Machiatto	hot_drinks	drinks"
"7441	Cappucino	hot_drinks	drinks"
"7442	Vodka Bitter Lemon	spirit	drinks"
"7443	Gin Buck	spirit	drinks"
"7444	Elderflower Collins	spirit	drinks"
"7445	Horses Neck	spirit	drinks"
"7446	Le Gurk	spirit	drinks"
"7447	Ear Ring/Ring	nos	other"
"7452	Cuff	nos	other"
"7455	Inflatable Pilllow	nos	other"
"7456	Anal Dousche	nos	other"
"7457	Gum	nos	other"
"7460	Stone Enter Night	beer	drinks"
"7462	Longdrinks	nos	other"
"7463	Alkfrei Cocktail	nos	other"
"7464	Birkenwasser	nos	other"
"7467	Meatball Sub	food_nos	food"
"7468	Veggie Sub	food_nos	food"
"7469	Franz Broetchen	snack	food"
"7470	1x Vio Still	drinks_nos	drinks"
"7471	1x Vio Still+1x Becher	drinks_nos	drinks"
"7472	3x Vio Still+1x Becher	drinks_nos	drinks"
"7474	1x Coca Cola	soft_drink	drinks"
"7475	1x Coca Cola+1x Becher	soft_drink	drinks"
"7477	1x Red Bull	soft_drink	drinks"
"7478	1x Red Bull+1x Becher	soft_drink	drinks"
"7480	Filterkaffee 0"
"7481	Filterkaffee 0"
"7482	Schokocroissant	food_nos	food"